cle;hypothese;locator;test_falsification;confiance_preuve
H1;DefiLlama's hacks feed carries this incident as name "Zentra Finance", classification "Token & Share Accounting", technique "Rounding Error", amount 140030 USD, chain ["Citrea"], defillamaId "7419", returnedFunds null, date 1788912000 which decodes to 2026-09-09 00:00:00 UTC;preuves/07_defillama_record.json:1-15;re-run curl https://api.llama.fi/hacks and select name=="Zentra Finance" - any different amount, technique, chain, defillamaId or date invalidates this row;Haute
H2;The exploit is a single Citrea-mainnet transaction 0x9ac5df7e93988cd977e4b1b0564f559ec3096db2fe1abdd97e45c348e3074aa1 in block 12428145 (2026-09-09 12:59:37 UTC) from EOA 0xa73d72d6a858df742fe756da5cb61c2288a95c17 to attack contract 0x8d85840f4c05a5d7385498f2a75daa54c6507b4b; the block contains exactly two transactions, the deployment of that contract (0x1f86da14f2d5543fbba2695d6de1a516cee76400ed43265c8ddc621665598f8c) and the exploit;preuves/09_reconstruction_output.txt:3-5;fetch block 12428145 from https://rpc.mainnet.citrea.xyz and the tx receipt - a different tx count, sender, target or timestamp invalidates this;Haute
H3;Inside that transaction the Pool 0xfb7908150b738e7db9862007c66c9eb7850706f5 emits, in order: Supply 200000 USDC.e, Borrow 140000 ctUSD, Repay 140000.000001 ctUSD with useATokens=true, Withdraw 199999.999999 USDC.e, Supply 50 ctUSD, Borrow 30 USDC.e, Repay 30.000001 USDC.e with useATokens=true, Withdraw 49.999999 ctUSD, and no zctUSD Transfer reaches the attack contract before the ctUSD Repay;preuves/09_reconstruction_output.txt:7-19;decode the Pool events of receipt preuves/01_exploit_receipt.json (Aave v3 signatures) - a different order, amount, useATokens flag, or a zctUSD transfer to 0x8d85840f... before log 26 invalidates this;Haute
H4;The ctUSD "repayment with aTokens" burned no aTokens: zctUSD (0xba2a69b92e0071924c387a200409b658e4f6cac8) scaledTotalSupply is 1357533941399 at both block 12428144 and block 12428145 and the attack contract's scaled balance is 0 afterwards, while the Burn event at log 25 reports a value of 140000.000001; zUSDC scaledTotalSupply is likewise unchanged at 156947677899;preuves/09_reconstruction_output.txt:21-25;eth_call scaledTotalSupply() (0xb1bf962d) on both aTokens at blocks 12428144 and 12428145 and scaledBalanceOf(0x8d85840f...) at 12428145 - any non-zero delta or non-zero balance invalidates the zero-burn claim;Haute
H5;The current aToken implementation 0x62ff719abcaedead9055ba980fce3821ebdda694 (verified, AToken, solc 0.8.19) contains in ScaledBalanceTokenBase._burnScaled a cap "if (amountScaled > scaledBalance) { amountScaled = scaledBalance; }" placed after require(amountScaled != 0), so a caller with scaled balance 0 burns 0 without reverting;preuves/03_ScaledBalanceTokenBase_impl_0x62ff.sol:138-155;fetch https://explorer.mainnet.citrea.xyz/api/v2/smart-contracts/0x62ff719abcaedead9055ba980fce3821ebdda694 and read _burnScaled - absence of the cap, or a balance check before it, invalidates this;Haute
H6;BorrowLogic.executeRepay in the Pool implementation 0x93c562dc08d7b25370cee0132ddabfb85839db18 reads the aToken balance only when amount == type(uint256).max, burns the variable debt first, and then calls IAToken.burn(msg.sender, aToken, paybackAmount, index) with no separate balance check, relying on the aToken burn to revert for an insufficient balance;preuves/03c_BorrowLogic_pool_impl_0x93c5.sol:180-252;read executeRepay in the verified Pool source - a require on the caller's aToken balance for explicit amounts invalidates this;Haute
H7;The zctUSD and zUSDC proxies were upgraded from implementation 0x2ec995d521d5248c15b874a5cfb80c65a7dc63f7 to 0x62ff719abcaedead9055ba980fce3821ebdda694 on 2026-06-25 22:01 UTC (zctUSD block 9161296 tx 0xe473cb44f0c7038c5758cace629555ba2125914b7ea6aeadae1e0493c627daae, zUSDC block 9161294 tx 0xfb5408ecf86de7834b170cd0090d3d07517b10b4440b1bd6eca7ce081b1eb9f5), and both still point at 0x62ff at Citrea block 12596082;preuves/04_zctUSD_upgraded_logs.json:20-37;query Blockscout getLogs for topic0 Upgraded on both proxies and read EIP-1967 slot 0x360894a1... at latest - a different upgrade block, implementation or current slot invalidates this;Haute
H8;The pre-upgrade implementation 0x2ec995d521d5248c15b874a5cfb80c65a7dc63f7 has no cap: its _burnScaled passes the full amount.rayDiv(index) to _burn, whose checked Solidity 0.8 subtraction oldAccountBalance - amount reverts for a zero balance, so the same repay would have reverted before 2026-06-25 (source reading only; a state-override replay was attempted and was inconclusive);preuves/03d_ScaledBalanceTokenBase_OLD_impl_0x2ec9.sol:99-109;read the verified source of 0x2ec995d5... _burnScaled and MintableIncentivizedERC20._burn (preuves/03e:53-58) - a cap, an unchecked block, or a successful replay of the exploit against that implementation invalidates this;Moyenne
H9;The two reserves lost 139999.999999 ctUSD (zctUSD cash 147152.479895 -> 7152.479896) and 29.999999 USDC.e (zUSDC cash 32318.019686 -> 32288.019687), total 140029.999998 stablecoin units, and recomputing from the attack contract's own net transfers with the aTokens gives the identical total; the press figure of ~143000 USD is not reproduced by either method;preuves/09_reconstruction_output.txt:58-61;call balanceOf on ctUSD and USDC.e for each aToken at blocks 12428144 and 12428145, and separately net the Transfer logs between the aTokens and 0x8d85840f... - totals that differ from each other or from 140029.999998 invalidate this;Haute
H10;After the exploit the ctUSD reserve's supplier claims (zctUSD totalSupply 1374132.289353) exceed cash (7152.479896) plus variable debt (1227018.418379) by 139961.391078 ctUSD, about 10.19 percent of claims, whereas before the block cash plus debt exceeded claims by 38.608505;preuves/09_reconstruction_output.txt:63-65;read totalSupply of zctUSD and of variable-debt token 0x5eea9a01... plus ctUSD.balanceOf(zctUSD) at blocks 12428144 and 12428145 - a materially different gap invalidates this;Haute
H11;All four reserves (USDC.e, WCBTC, ctUSD, sUSN) were paused by PoolConfigurator 0x6864042da4a5bbeb2a98e910599964c9d8b7b684 in tx 0x3b303d23d5040e35cb9f92363a3b27342861b62f6c8455b8e8870aaf6008be52 at block 12428650 (2026-09-09 13:16:27 UTC), and ctUSD and USDC.e are still paused at the latest block read;preuves/05_poolconfigurator_logs_blockscout.json:660-942;decode ReservePaused events of that tx and read getConfiguration(asset) bit 60 at latest - a different block, a missing reserve or an unpaused reserve invalidates this;Haute
H12;The proceeds ended in Ethereum wallet 0x4eb55301d7848750059300e5ca62ec8de3b4f56a: the attacker bridged 139959.692499 USDC.e to Ethereum, swapped it for 55.160465780922437311 ETH in block 25940052, sent 55.182876157279836053 ETH to that wallet (tx 0xb6a9b5bc4bbad0f702a2dc6b15769d49c9fae95dd1ce91166b51794dffe756df), which had itself sent the attacker its first ETH (0.004249243687652093 ETH, tx 0x65b65150b36794dd8549fcde354129abebb0305e95864ef40e41a5123f2b7818, 2026-09-08 21:16:23 UTC) and still holds 55.182877225991682053 ETH at nonce 9 at Ethereum block 25967899; that it belongs to the attacker is an inference from this seed-then-return pattern;preuves/09_reconstruction_output.txt:73-79;fetch both Ethereum txs and the wallet's balance and nonce at a later block - different counterparties, amounts, or an outgoing transfer of the ETH invalidates the "parked" part (the attribution itself remains an inference);Moyenne
H13;On 2026-09-16 21:50:29 UTC, in Citrea tx 0x372509f01bd19f0bd9ec7c574faba02b3378834283cb9b358c10c2d3b5d0b369 (block 12746471, sent by 0x76be77a14e8bdf7fb6dfb05bf1b8ac0b21c2f860, the sender of Zentra's on-chain messages), both the zctUSD and zUSDC proxies were upgraded to verified implementation 0x41b70b89faaa44a98b4fe5c02630856c241811f8, whose _burnScaled keeps the cap but adds require(amountScaled - scaledBalance <= 1) and a second require(amountScaled != 0) after it, with a source comment naming repayWithATokens holding no aTokens and the 2026-09-09 drain; both proxies point to it at the latest block read, and ctUSD and USDC.e are still paused;preuves/15_reconstruction_output_2026-09-17.txt:53-76;read the proxies' Upgraded logs and EIP-1967 slot at latest and the verified source of 0x41b70b89 - a different block, sender or implementation, or a _burnScaled without the one-unit bound, invalidates this;Haute
H14;The proceeds wallet 0x4eb55301d7848750059300e5ca62ec8de3b4f56a did not stay untouched after the 2026-09-13 snapshot: it sent 0.004683769456081369 ETH (tx 0xd996d38ea7b9f34d221015475fb288125325a5b7b8d4ffb39e51c3a19671efa4, nonce 9), 0.009326384247887213 ETH (tx 0xd339d730dcdde7acc73b018b4c6580b5b31434317337c403049d3167aab3840d, nonce 10) and 0.05 ETH (tx 0xccf7610cb09bf5f3077f6f49fa4fcfb1a21168a1070a7133ed5fa2fb00c35417, nonce 11) to 0x62c98e0c42c3f86f0e95520394ae054894a5bc93, which forwarded them to 0x994bbf684a13c7f74be25e35a5a2fb83d948470d, and holds 55.118876951619856472 ETH at nonce 12 at Ethereum block 25996322;preuves/14_funder_outgoing_txs_2026-09-17.json and preuves/15_reconstruction_output_2026-09-17.txt:84;fetch the wallet's outgoing txs and balance at a later block - a fourth outgoing transfer before block 25996322, different amounts or recipients, or a different balance invalidates this;Haute
