key;hypothesis;locator;falsification_test;evidence_confidence
H1;Drift's own GitHub deployment record (raw.githubusercontent.com/drift-labs/protocol-v2/master/Anchor.toml, fetched live) states the program ID dRiftyHA39MWEi3m9aunc5MzRF1JYuBsbn6VPcn33UH, matching the program invoked in every subsequent step below;resultats_reconstruction_2026-09-11.txt:1-3;re-fetch that URL live, a different program ID would invalidate every later step;High
H2;DefiLlama's own hacks feed (api.llama.fi/hacks) tracks two separate "Drift Trade" rows: a 2022 $14.5M row (returnedFunds $14.5M, whitehat-resolved, not this incident) and a 2026-04-01 row, amount 295000000, chain Solana, classification "Access Control", technique "Proxy Upgrade Hijack" -- this entry covers the second row only, not previously covered in this repo;resultats_sources_2026-09-11.txt:1-3;curl api.llama.fi/hacks and filter name=="Drift Trade", date~2026-04-01; a different amount or classification would invalidate this;High
H3;A transaction (2HvMSgDEfKhNryYZKhjowrBY55rUx5MWtcWkG9hqxZCFBaTiahPwfynP1dxBSRk9s5UTVc8LFeS4Btvkm9pc2C4H) at slot 410344005, blockTime 1775059518 (2026-04-01 16:05:18 UTC), advances a durable-nonce account (7s7s6saC5LHZoLyBXLM3pCjpWaA7meyQdP8NiH9ktAeC) and in the same tx calls Squads V4's VaultTransactionCreate, ProposalCreate, and ProposalApprove;resultats_reconstruction_2026-09-11.txt:5-28;re-run reconstruct_exploit.py Step 2 against a different Solana RPC, a different slot/blockTime or missing advanceNonce instruction would invalidate this;High
H4;One second later, a transaction (4BKBmAJn6TdsENij7CsVbyMVLJU1tX27nfrMM1zgKv1bs2KJy6Am2NqdA3nJm4g9C6eC64UAf5sNs974ygB9RsN1) at slot 410344009, blockTime 1775059519 (2026-04-01 16:05:19 UTC), banks a second ProposalApprove then VaultTransactionExecute, which invokes Drift's own program (dRiftyHA39MWEi3m9aunc5MzRF1JYuBsbn6VPcn33UH) and logs "Instruction: UpdateAdmin" / "admin: AiLGdNitMjv8n5HMS7HAdV2kaeJZZFd4jdfn5xp1PKrW -> H7PiGqqUaanBovwKgEtreJbKmQe6dbq6VTrw6guy7ZgL";resultats_reconstruction_2026-09-11.txt:30-50;re-run reconstruct_exploit.py Step 3, a different admin-change log line or absent UpdateAdmin instruction would invalidate this;High
H5;20 seconds later (2026-04-01 16:05:39 UTC), a transaction (4a5962Rdqd9pkXtk9DMQ9ZYhdGb2k9gPw71GvukJgELhxbCY5gm1c1hhKdwuGefyqJ3XMvihUTDNDn3qbXnst82X) signed directly by the new admin key calls Drift's own InitializeSpotMarket ("initializing spot market 63") then UpdateWithdrawGuardThreshold five times on five different real spot markets (indices 19, 0, 27, 17, 4), each raised to 500,000,000,000,000 from far lower originals;resultats_reconstruction_2026-09-11.txt:52-66;re-run reconstruct_exploit.py Step 4, a different instruction list or different before/after threshold values would invalidate this;High
H6;At least 23 separate UpdateWithdrawGuardThreshold instructions (5 bundled in H5's transaction plus at least 18 further standalone transactions) are found in the hijacked admin key's own transaction history between 2026-04-01 16:05:39 and 18:05:01 UTC; a handful of transactions in the same window could not be decoded due to public-RPC rate limiting (HTTP 429), so this is a floor, not an exact count;manual paging during this reconstruction (h7pi_batch_out, not committed verbatim -- see README.md "What it found" for the count and caveat); reproducible by paginating getSignaturesForAddress on H7PiGqqUaanBovwKgEtreJbKmQe6dbq6VTrw6guy7ZgL for 2026-04-01 and decoding each tx's logMessages for "Instruction: UpdateWithdrawGuardThreshold";re-run the same pagination against a different Solana RPC on a quieter connection, a materially lower count over the same window would invalidate this;Medium
H7;A second InitializeSpotMarket call (2zwpKAerW73YJjYRWzRLfMV27ZswM2nBYy5v9DsGqYdWamV4c7Ywf6LzKA6TazX9BqMRX6bgFxqaNtCd8fPzGVQy) at 2026-04-01 17:33:57 UTC (88.6 minutes after the hijack) creates token accounts for the SAME mint as H8 below, not a second distinct fake asset, followed by UpdateSpotMarketPoolId and UpdateSpotMarketStatus calls minutes later;resultats_reconstruction_2026-09-11.txt:79-82;re-run reconstruct_exploit.py Step 7, a different mint on this second market would invalidate this;High
H8;The fake collateral mint (G84LEhbNMR1yYbHgHbnNYNSK8mpTKcazh5jcW5yMPQKo), derived purely from H5's transaction's own initializeAccount3 inner instructions (not press-supplied), has decimals=9, live supply 749,999,997.231082657 (~750,000,000, within 0.0000004% of press's "750 million" claim), mintAuthority=null, and its own live Metaplex metadata (account 8ajU6KHDnT7MGULEMa9WFoDnaPdWMPMs2dEHRVfmX3op, found via getProgramAccounts memcmp, not a hardcoded PDA) decodes to name="CarbonVote Token", symbol="CVT";resultats_reconstruction_2026-09-11.txt:68-77;re-run reconstruct_exploit.py Steps 5-6 against a different Solana RPC, a different supply, decimals, or metadata name/symbol would invalidate this;High
H9;The attacker wallet HkGz4KmoZ7Zmk7HN6ndJ31UJ1qZ2qgwQxgVqQwovpZES's first inbound transfer (100,000 units, 2026-04-01 16:08:13 UTC) is mint 27G8MtK7VtTcCHkpASjSDdkWWYfoqT6ggEuKidVJidD4, whose own live Metaplex metadata decodes to name="Jupiter Perps LP", symbol="JLP" -- a real Solana asset, matching Drift's own #1 stolen-asset row (H12), not a fake token;resultats_reconstruction_2026-09-11.txt:84-87;re-run reconstruct_exploit.py Step 7b against a different Solana RPC, a different metadata name/symbol would invalidate this;High
H10;A representative sample of 3 transactions (Z1vjtrziosTdP58uKr2Qm8Q1NRk5eT2FmZXKU3y7P2zg97v4DTBWVbx39TBGFV5r4ZictaadjKegT5KHnaAeT6D, 5DjHKgBVv4XcEXnv71jxhUi3XYxwxx1maZUQLbcy3nonC7gQaoXgimEQTAJCaPULkph9DeHFQhnntrvCzVgk1Ymc, 2tpnkJaXcPr7z3mf6tBuc5ShnzFpJDxRfZMAeFF3SwMEJuq4tiFU9j91P8qr2pw7dbu7ju3gmC5B4nRE9docjqu6) shows 5,648,410.241900 USDT (Es9vMFrzaCERmJfrF4H2FYD4KCoNkY11McCe8BenwNYB) and 5,254,017.070394 USDS (USDSwr9ApdHk5bvJKMjzff41FfuX8bSxdKcR81vTwcA) reaching consolidation address 8ubo4HbWJHKyFJYJc2Gh74dxCP7bN7Fu2Pi13KZ9rGxw, matching Drift's own official USDT ($5,648,410.13) and USDS ($5,254,126.13) figures to within 0.002%;resultats_reconstruction_2026-09-11.txt:89-100;re-run reconstruct_exploit.py Step 8 against a different Solana RPC, materially different summed amounts would invalidate this;High
H11;A broader, unsampled scan of just the USDC leg (owner==consolidation address, mint==EPjFWdd5AufqSSqeM2qN1xzybapC8G4wEGGkZwyTDt1v) across the same 170 individually-decoded transactions (out of 315 found across both wallets on 2026-04-01) found over $103.1M reaching the consolidation address -- more than Drift's own pure-USDC figure ($71.4M), consistent with JLP proceeds having been swapped into USDC before consolidation, but this reconstruction did not separate the two cleanly;manual aggregation during this reconstruction (tx_results.json / h7pi_tx_results.json, not committed verbatim); reproducible by paginating both attacker wallets' full 2026-04-01 signature history and summing postTokenBalances deltas for that mint/owner pair;re-run the same aggregation against a different Solana RPC, a materially different total would invalidate this;Medium
H12;Drift's own official page ("Incident Recovery Update - April 16, 2026", https://www.drift.trade/updates/incident-recovery-update-april-16-2026-now, fetched live) states the total stolen as $295,706,374.93 across 19 assets, led by JLP ($159,329,898.68) and USDC ($71,415,648.65); this reconstruction did not independently re-sum all 19 rows transaction-by-transaction;resultats_reconstruction_2026-09-11.txt:102-104;re-fetch that URL live and search for "$295,706,374.93", absence would invalidate this;High
H13;Drift's own GitHub organization no longer exists under drift-labs: a live GitHub API call for drift-labs/protocol-v2 returns 301 Moved Permanently to repository ID 497045217, which resolves to velocity-exchange/protocol-v2, archived=true, pushed_at 2026-07-08T22:29:56Z; press (The Defiant, CryptoRank, BingX, Blockzeit, Gate, CryptoTimes, TakeProfit, CoinGabbar) independently confirms a 2026-07-01 rebrand to "Velocity DEX";resultats_sources_2026-09-11.txt:5-13;curl -s https://api.github.com/repos/drift-labs/protocol-v2 (redirect) then https://api.github.com/repositories/497045217, not committed as a script step since it is supporting context, not part of the core reconstruction;re-run the same two curl calls, a non-redirected or differently-named result would invalidate this;Medium
H14;Checked live 2026-09-11: the two attacker wallets and the consolidation address hold only small residual SOL balances (HkGz...: 1.101626031 SOL, H7Pi...: 2.968763800 SOL, 8ubo...: 0.097765726 SOL), and the original pre-hijack admin AiLGdNitMjv8n5HMS7HAdV2kaeJZZFd4jdfn5xp1PKrW is a plain System Program-owned account (no program data) holding 0.051 SOL;resultats_reconstruction_2026-09-11.txt:106-110;re-run reconstruct_exploit.py Step 10, materially different balances reflect only that this is a snapshot, not a discrepancy;High
